개방자치단체코드,관리번호,인허가일자,인허가취소일자,영업상태코드,영업상태명,상세영업상태코드,상세영업상태명,폐업일자,휴업시작일자,휴업종료일자,재개업일자,전화번호,소재지면적,소재지우편번호,지번주소,도로명주소,도로명우편번호,사업장명,최종수정일자,데이터갱신구분,데이터갱신일자,업태구분명,좌표정보(X),좌표정보(Y),승려수,신도수,창립연대,유래연혁,지정취소,지정취소일자,지정취소사유,전통사찰명,sum
3150000,CDFD1002,1988-09-01,,1,영업/정상,5,지정,,,,,02-2662-4736,,,서울특별시 강서구 개화동 산 81-13,,,미타사,2023/04/25 13:33,U,2022/12/03 22:08,,182552.3249,453190.1837,,,,,,,,,1
3000000,CDFD1007,19891214,,1,영업/정상,5,지정,,,,,762-5861,,,서울특별시 종로구 충신동 15번지 ,서울특별시 종로구 율곡로23길 16  (충신동),,감로암,2012/01/10 19:01,I,2018/08/31 23:59,,200516.0954,452559.3602,0,0,,이름을 알수없는 스님이 1927년 관음도량으로 알려짐 이후 혜란 이라는 비구니 스님을 거쳐  오늘에 이름,N,,,감로암,1
3050000,CDFD1001,19881201,,1,영업/정상,7,승인,,,,,962-7390,,,서울특별시 동대문구 청량리동 61 ,,,청량사,2020/12/21 8:47,U,2020/12/23 2:40,,204113.6798,453983.7624,20,1500,,,N,,,청량사,1
3120000,CDFD1001,20030107,,1,영업/정상,7,승인,,,,,02)395-4031,,,서울특별시 서대문구 홍은동 8,,,대한불교조계종옥천암,2022/10/31 9:33,U,2021/11/01 0:02,,195863.348,454965.3172,,,,,,,,,1
3000000,CDFD1001,19880725,,1,영업/정상,5,지정,,,,,379-9665,,,서울특별시 종로구 구기동 산 1번지 ,서울특별시 종로구 비봉4길 213  (구기동),,승가사,2003/02/24 16:41,I,2018/08/31 23:59,,196450.8327,458289.0831,0,0,,신라경덕왕 15년에 수태성사가 창건 국란 예방을위한 기도 도량으로 의한 성지,N,,,승가사,1
3000000,CDFD1004,19880725,,1,영업/정상,7,승인,,,,,394-2145,,,서울특별시 종로구 홍지동 80-1번지 ,,,소림사,2016/12/13 16:02,I,2018/08/31 23:59,,196300.2035,455463.787,0,0,,조선태조 5년(1396년) 혜철화상이 태조의 명에 의거 창건하여 소림굴이라 하였고   1817년(순조때) 관해스님이 중건 하였으며 현 대웅전은 1970년 5월에 중건  1978년 현재 주지 혜윤 스님이 부임,N,,,소림사,1
3000000,CDFD1003,19880725,,1,영업/정상,7,승인,,,,,765-0972,,,서울특별시 종로구 봉익동 2번지 ,,,대각사,2017/12/07 9:11,I,2018/08/31 23:59,,199230.4706,452374.0641,0,0,,1911년 4월8일 백용성 대선사가 창건 1921년 삼장의 조직 한글로 경전을 대대적으로 번역 흥보 대각교 창립 1928년 4.5 대각일요학교 설립 삼상학회 기관지 우아 간행 1965년 9.11 문교부에 종교법인 재단법인 대각사로 인가,N,,,대각사,1
3000000,CDFD1002,19880725,,1,영업/정상,7,승인,,,,,732-2183,,,서울특별시 종로구 견지동 45번지 ,,,조계사,2014/06/02 14:14,I,2018/08/31 23:59,,198369.674,452399.9575,0,0,,1910년 한용운 이수길 이희광 스님 등에의해 각황사라는 이름으로 창건 1938년 총본산 낙성과함께 태고사라 부름 1954년 조개사로 개칭,N,,,조계사,1
3000000,CDFD1008,19880725,,1,영업/정상,5,지정,,,,,736-9984,,,서울특별시 종로구 무악동 산 3번지 ,,,인왕사,2012/01/10 19:02,I,2018/08/31 23:59,,,,0,0,,고려 공민왕때 무학스님이 창건  병자호란때 멸실 1900년대 이해명 스님이 중건  현재 위치는 확실치 않다,N,,,인왕사,1
3190000,CDFD1003,20081219,,1,영업/정상,7,승인,,,,,815-2746,,,서울특별시 동작구 흑석동 산 61-34번지 ,,,달마사,2016/01/28 9:45,I,2018/08/31 23:59,,196616.6646,444035.5354,0,0,,,N,,,달마사,1
3000000,CDFD1011,20011022,,1,영업/정상,5,지정,,,,,763-0054,,,서울특별시 종로구 숭인동 178-3번지 ,서울특별시 종로구 종로63가길 31  (숭인동),,묘각사,2012/01/10 19:03,I,2018/08/31 23:59,,201587.4929,452579.451,0,0,,"1930년 5월에 태허 홍선대종사님이 창건하여 고려시대의 불상으로 추정되는 철조여래좌상과  조선전기의 청동여래좌상을 모시고 승려 5분과 신도 3,700세대가 불사중",N,,,묘각사,1
3000000,CDFD1010,19961204,,1,영업/정상,5,지정,,,,,395-9911,,,서울특별시 종로구 구기동 196-2번지 ,서울특별시 종로구 비봉길 137  (구기동),,금선사,2012/01/10 19:03,I,2018/08/31 23:59,,195821.8792,457532.0049,0,0,,조선초(1327-1405) 무학자초가 조선의 수도를 정하고자 각처를 다니다가 창건,N,,,금선사,1
3000000,CDFD1009,19891108,,1,영업/정상,7,승인,,,,,379-8697,,,서울특별시 종로구 평창동 산 6-1번지 ,서울특별시 종로구 평창6길 79-141  (평창동),,일선사,2010/04/12 17:22,I,2018/08/31 23:59,,197665.3486,457781.7091,0,0,,827-898년 도선국사가 창건  고려 탄연묵암 대선사(1070-1159) 중창  이조 자초 무학왕(1327-1405) 함허득 통선사 주석함  제 1차 불교정화때 탄허 큰스님 주석 시인 고은(일초) 주석함  석정덕 스님 수호가람 중창불사(1966-1997),N,,,일선사,1
3000000,CDFD1006,19881214,,1,영업/정상,5,지정,,,,,391-2062,,,서울특별시 종로구 구기동 2번지 ,서울특별시 종로구 비봉2길 304  (구기동),,문수사,2012/01/10 18:48,I,2018/08/31 23:59,,197516.181,458773.7661,0,0,,예종 4년 탄연국사가 창건   1451년(문종 1년) 연창공주가 중건,N,,,문수사,1
3090000,CDFD1004,19880907,,1,영업/정상,7,승인,,,,,954-9944,,,서울특별시 도봉구 도봉동 546,,,원통사,2022/05/11 16:56,U,2021/12/04 23:03,,200872.9255,464508.6873,,,,,,,,,1
3000000,CDFD1005,19880725,,1,영업/정상,7,승인,,,,,763-4803,,,서울특별시 종로구 숭인동 17-1번지 ,,,청용사,2017/08/25 10:08,I,2018/08/31 23:59,,201410.8591,453067.8273,0,0,,고려태조 5년(922녀) 도선국사의 유언으로 태조의 어명에의거 창건  안양의 의정룡 산능에 지엇다하여 청룡사로 하였으며 제1대 주지 혜원 비구니를 임명  우산국 통일 기도를 올리게 하였고 조선조 태조의 즉위후 공민왕비 에비가 청룡사에 출가 하였 고 그리고 조선조 세조 2년(1456) 단종의 비 송씨가 우와부에서 단종을 이별 하고 출가 이곳에 서 65년간 살았으며 그 후 영조때 정업원 구기비가 세워졌고 해방 이후 윤오비구니가 대대적으 로 중창함,N,,,청용사,1
3030000,CDFD1001,19890404,,1,영업/정상,5,지정,,,,,02-2297-3360,,,서울특별시 성동구 옥수동 395번지 ,,,미타사,2012/12/18 17:54,I,2018/08/31 23:59,,,,0,0,,"- 신라 진성여왕 2년 (서기 888년) 현 금호동에 대원 비구니스님 창건 - 고려 예종 10년(서기 1115년) 봉적, 만보 두 비구니 스님이 현재의 종남산으로 옮겨 극락전을 창건하고    아미타불을 본존불로 모시고 담진국사로부터 미타사라는 사명을 명명받음 - 이조 태조(서기 1394년) 갑술4월 무학대사가 현 소재지로 이전 중창 - 이조 철종 13년(서기 1862년) 임술3월에 인허화상이 화주로 자전하여 당시 조대비의 하사금으로   중건하여 현재에 이르며 - 900년이 흐른 지금까지 유일하게 비구니 수도 도장으로 승계되고 있음",N,,,미타사,1
3000000,CDFD1012,20051227,,1,영업/정상,7,승인,,,,,02-763-4100,,,서울특별시 종로구 창신동 130-1,,,안양암,2022/07/06 17:54,U,2021/12/07 0:08,,201109.7848,452572.625,,,,,,,,,1
3050000,CDFD1002,20050329,,1,영업/정상,5,지정,,,,,962-6186,,,서울특별시 동대문구 회기동 109-1번지 ,,,연화사,2005/03/29 8:43,I,2018/08/31 23:59,,204383.0651,454663.9903,5,6000,,연산군의 생모 폐비 윤씨의 회묘를 회릉으로 승격시키면서 능의 원찰로 출발한 연화사는 1882년 임오군란 때 불타버린것을 1993년 현대적 기술로 재건하였다.,N,,,연화사,1
3070000,CDFD1010,20060105,,1,영업/정상,5,지정,,,,,,,,서울특별시 성북구 돈암동 593번지 ,서울특별시 성북구 흥천사길 49-23  (돈암동),,적조사,2006/01/05 13:50,I,2018/08/31 23:59,,200580.1714,455119.9078,0,0,,,N,,,적조사,1
3070000,CDFD1009,19930225,,1,영업/정상,5,지정,,,,,762-9570,,,서울특별시 성북구 성북동 2동 330-76호 ,,,정법사,2003/05/26 13:55,I,2018/08/31 23:59,,198888.2099,454622.458,0,0,,정법사는 원래 종로구 가회동에 있던 건봉사(乾鳳寺) 포교당이었는데 1960년 이곳의 조그만 암자인 복전암(福田庵)으로 이전하였다. 즉 정법사가 위치한 가회동은 수행처로 적합한 분위기가 아니었으므로 이 암자를 인수하여 정법사로 개칭한 것이다. 이곳에 있었던 복전암이 언제 어떻게 창건되었는지는 알려진 바가 없다. 다만 현재 정법사에 봉안되어 있는 범종과 열반도(涅槃圖)가 1922년에 제작된 것임을 확인 할 수 있는데 이들이 복전암의 유물이라는 점을 추측 할 수 있다. 정법사 부근의 요정 대원각이 전일에 후궁 터였다는 점에서 복전암이 후궁들의 기도처였던 것은 아닐까 추측된다. 정법사는 대웅전?팔상전?사천왕문?산신각?요사3동 등 7채의 건물 외에 미륵불상이 세워져 있다. 대웅전은 정법사가 이전해 올 당시 서대문 신학대학에 있던 황태자궁을 이전해 온 것이다. 내부에는 석가모니불?지장?관음 등의 불상과 1918년에 그려진 열반도?후불탱화?현왕탱화 등이 있다. 1969년에 건립된 팔상전 내부에는 석가모니불과 청동으로 만든 천불상이 봉안되어 있다.,N,,,정법사,1
3070000,CDFD1007,19881126,,1,영업/정상,5,지정,,,,,928-3797,,,서울특별시 성북구 보문동3가 168호,,,보문사,2006/06/27 10:37,I,2018/08/31 23:59,,,,73,30500,,"보문사(普門寺)는 '탑골승방'이라는 옛 사찰이름으로 더욱 잘 알려져 있는 곳으로, 이전에는 조계종 소속 사찰이었으나 1972년 세계 유일의 비구니종단인 보문종(普門宗)을 창종하면서 보문종의 본산이 되었다. 이 절은 고려 예종 10년(1115)에 담진(曇眞) 스님 즉,혜조국사(慧照國師)에 의하여 창건된 것으로 전승되어 오는데 조선 후기 숙종 18년 (1692)에 묘첨 스님이 대웅전을 중건하였고, 영조 33년 (1757)에 보찬, 유봉 스님이 대웅전을 수축하였다. 순조 26년(1826)에 정운(正雲)스님이 좌우승당(左右僧堂)을 개축하였으며 헌종8년(1842)에 영전 스님이 또 다시 대웅전을 수축하였다. 일제 강점기에는 절이 황폐할 지경에 이르렀는데 광복과 함께 주지 송은영(宋恩榮)이 취임하면서 30여년간을 불사(佛事)의 중흥과 건물 중창에 전심하여 대사찰의 면모을 갖추었다.",N,,,보문사,1
3070000,CDFD1006,19881126,,1,영업/정상,5,지정,,,,,941-2001~4,,,서울특별시 성북구 정릉동 산 1-1번지 ,,,내원사,2003/07/02 13:58,I,2018/08/31 23:59,,199058.3575,457988.5095,5,1150,,"내원사(內院寺)는 성북구 정릉도4동 산1번지, 북한산 국립공원 입구에서 산쪽으로 약 1km정도 올라간 곳에 자리하고 있다. 사찰규모는 크지 않지만 산중 사찰 분위기를 어느 정도 느낄 수 있는 곳이다. 실제로 내원사의 창건시기나 정확한 사찰명 등에 대해서는 많은 의문점이 남아있는 상태이나, 고려 현종 19년 지눌스님이 창건한 것으로 전해지고 있다. 또한 내원사라는 절이름에 대해서도 정확한 고증에 어려움이 따른다. 내원사의 전 주지스님은 1969년경 대웅전을 새로 지으면서 이전 건물에서 내원사라는 이름이 나왔기 때문에 현재까지 그대로 사용하고 있다고 전한 바 있다.",N,,,내원사,1
3070000,CDFD1004,19880728,,1,영업/정상,5,지정,,,,,914-5447,,,서울특별시 성북구 정릉동 753호,,,경국사,2006/11/20 14:51,I,2018/08/31 23:59,,,,12,6000,,"경국사는 북한산 동쪽에 자리한 고려시대의 사찰이다.고려 충숙왕 12년(1325)에 자정율사(慈淨律師)가 창건하여 청암사(靑巖寺)라 하였다. 이 사찰은 옛부터 정토사상에 바탕을 둔 기도도량으로 유명하다. '경국사 사적기'에는 문정왕후의 중창 이후 '부처님의 가호로 국가에 경사스러운 일이 항상 있기를 기원하는 뜻에서' 청암사를 경국사로 이름을 바꾸었다고 한다. 일제 때인 1921년부터는 단청(丹靑)과 탱화 조성에 일가를 이루었던 보경(寶慶:1890~1979)스님이 60년간 주지로 머물면서 절을 새롭게 변모시켜 나갔다. 1950년대에는 이승만대통령이 보경스님의 인격과 태도에 감화되어 몇 차례나 찾아왔고, 1953년 닉슨 미국 부통령이 방한하였을 때도 이 절을 찾아왔다.",N,,,경국사,1
3070000,CDFD1003,19880728,,1,영업/정상,5,지정,,,,,919-0211,,,서울특별시 성북구 정릉동 637호,,,봉국사,2003/06/23 14:08,I,2018/08/31 23:59,,,,12,8000,,"봉국사는 신덕왕후 강씨의 정릉의 원찰(願刹)로 정릉길 옆에 위치한 조계종 소속 사찰이다. 이 절은 고려말 공민왕 3년(1354)에 나옹대사(懶翁大師)에 의해 창건되었다고 하는 설도 있고, 조선초 태조 4년(1395)에 나라의 무궁한 발전을 위하여 당시 왕사(王師)였던 무학대사에 의해 창건된 호국 사찰로 약사사(藥師寺)라고 불렀다는 것이다. 처음에는 법당에 약사여래를 봉안한 관계로 약사사라 하였다. 조선 후기 현종 10년(1669) 태조 이성계의 계비 신덕왕후(神德王后)의 정릉을 수봉(修封)하고 태묘에 제사를 드리게 되면서 정릉의 사초(沙草)를 새로 하는 동시에 정자각(丁字閣),안향청(安香廳),전례청(典禮聽) 등을 새로 세우면서 이 절을 원찰(願刹)로 하였다. 이 때 나라를 받든다는 뜻에서 절 이름을 봉국사로 고쳤다. 그러나 이후의 절 역사는 잘 알려지지 않으며, 조선말 임오군란(1882)때 봉국사가 소실된 것을 한계(漢溪)?덕운(德雲) 두 스님이 힘을 모아 이듬해에 중건, 1898년에 명부전을 중건, 1913년에는 칠성각을 중건, 1979년 10월에 절 입구에 일음루(一音樓)를 건립, 1994년에 안심당을 지어 스님들의 수행정진과 신도들의 신행처로 사용하고 있다.",N,,,봉국사,1
3100000,CDFD1003,19880927,,1,영업/정상,5,지정,,,,,937-8206,,,서울특별시 노원구 상계동 산 154-1번지 51통6반 ,서울특별시 노원구 덕릉로129가길 242 (상계동),139817,용굴암,2013/07/07 10:42,I,2018/08/31 23:59,,207335.6157,464520.0591,1,1500,,조선시대 고종 19년건립,N,,,용굴암,1
3080000,CDFD1005,19880927,,1,영업/정상,5,지정,,,,,993-1767,,,서울특별시 강북구 우이동 244-4 용덕사 ,"서울특별시 강북구 삼양로179길 209-81, 용덕사 (우이동)",1000,용덕사,2020/10/21 14:44,U,2020/10/23 2:40,,199954.793,463221.7716,2,1000,,1910년 건립된 사찰로서 이 장소가 용의 입모양을 하고 있다 하여 용덕사라 불렀다. 대웅전 옆 큰 바위에 약사여래불을 새겨 모시고 있다.,N,,,용덕사,1
3070000,CDFD1001,19880728,,1,영업/정상,5,지정,,,,,926-4069,,,서울특별시 성북구 안암동5가 157번지 ,,,개운사,2009/04/22 13:17,I,2018/08/31 23:59,,,,190,7000,,"성북구 안암동5가 157번지의 안암산 자락에 자리하고 있는 개운사(開運寺)는 한국 근ㆍ현대 불교사의 전개과정에서 대단히 중요한 비중을 차지하는 곳이다. 도량의 규모는 그다지 큰 편이 아니지만 '불교개혁의 근원지'라든가 '불교 교육의 근본도량'이라는 수식어가 이런한 개운사의 비중을 잘 나타내 주고 있다고 하겠다. 특히 1981년부터 중앙승가대학의 교육장으로 정착되면서 개운사는 미래의 한국 불교를 이끌어 나갈 인재양성의 산실로 기대를 받고 있다. 개운사의 창건에 대해서는 1396년(조선 태조5년) 무학대사가 영도사(永導寺)를 창건하였는데, 이것이 개운사의 전신이라는 설이 일반적으로 알려져 있는 내용이다. 즉 무학대사가 도성 동쪽 5리쯤에 영도사를 창건한 후, 1779년(정조 3년)정조의 후궁 원빈(元嬪)홍씨가 죽자 명인원(明仁圓)이라는 무덤을 영도사의 곁에 조성하게 되는데, 명인원으로 인해 영도사는 왼쪽 등성이 몇 리쯤으로 옮기게 되었으며 이때 사찰이름도 개운사로 고치게 되었다는 것이다. 개운사 창건을 전후한 이러한 내용은 뚜렷한 문헌에 수록된 것은 아니며, '사전(寺傳)' 또는 '사기(寺記)'라는 표현에 의한 것임을 알 수 있다.",N,,,개운사,1
3070000,CDFD1008,19920206,,1,영업/정상,7,승인,,,,,928-3797,,,서울특별시 성북구 돈암동 593호,,,적조사,2011/02/23 17:29,I,2018/08/31 23:59,,,,3,1000,,"적조사(寂照寺)의 창건은 1849년(헌종 15)에 이루어졌다. 흥천사(興天寺)의 사내 암자 성격으로 혜암 성혜(性慧)스님이 창건한 것이다. 적조암은 본래 독립된 사찰로 세워졌던 곳이 아니기 때문에 전체적인 규모는 큰 편이 아니지만, 전형적인 암자의 틀을 잘 갖추고 있는 곳이라 하겠다. 아울러 이곳은 한국 현대불교사에서 뚜렷한 업적을 남긴 바 있는 경산(京山) 스님의 마지막 수행장소라는 사실로 인해 주목을 받는 곳이기도 하다.",N,,,적조사,1
3070000,CDFD1005,19880728,,1,영업/정상,7,승인,,,,,923-1738,,,서울특별시 성북구 보문동3가 51호,,,미타사,2011/10/20 11:27,I,2018/08/31 23:59,,,,20,1000,,"탑골 승방'이라는 이 일대 지명의 유래가 관계되어 있는 미타사(彌陀寺)는 보문사의 바로 옆인 성북구 보문동3가 51번지에 자리하고있다. 사찰규모는 크지 않으나 비구니스님 전문 수량도량답게 매우 단아한 분위기를 지니고 있다.  미타사는 고려 광종 원년(950)에 혜거국사(慧居國師)가 창건하였으며 고려 초 문종 원년(1047)에 이 절에 석탑을 쌓자 이 근처를 탑골[塔洞]이라고 부르면서 미타사를 탑골 승방[塔洞僧房]이라고 칭하게 됐다.  따라서 탑골 승방은 인근의 보문사보다 미타사를 지칭한다고 본다. 충숙왕 원년(1314)에 혜감국사(慧鑑國師)가 2차로 중수하였고 1459년에는 조선 단종비 송씨가 3차 중수, 순조 원년(1801)에 4차 중수했다. 헌종 2년(1836)에는 운처(雲剔) 당인선사(堂仁禪師)가 5차 중수하였고, 1969년에 고봉선사(古峯禪師)가 6차로 중수하여 오늘에 이르고 있다. 1969년 비구니 계주(季珠)가 고봉(古峰)의 도움으로 중수하여 오늘에 이른다.",N,,,미타사,1
3070000,CDFD1002,19880728,,1,영업/정상,7,승인,,,,,926-1656,,,서울특별시 성북구 돈암동 595호,,,흥천사,2012/02/03 14:46,I,2018/08/31 23:59,,,,17,4500,,"흥천사는 태조 6년(1397) 신덕왕후 강씨의 능침사찰로 오늘날 중구 정동에 창건되었던 170여 간의 대사찰로 조계종의 본산(本山)이었다. 태조 이성계는 1396년에 정릉을 조영하고 나서 신덕왕후의 명복을 빌기 위해 흥천사를 건립하도록 하였다. 1409년에 흥천사도 능방(陵傍)의 소암(小庵)으로 이전하고 사호를 신흥사(新興寺)라 했다. 중종 5년(1510)에는 화재로 파괴되어 대종을 덕수궁에 보관, 1669년(현종 10)에 이 절이 능침(陵寢)과 너무 가깝다하여 함취정(含翠亭) 유지(遺址)에 이건하고 현재의 자리로 이전한 것은 정조 18년(1794)에 성민(聖敏), 경산(慶山) 두 스님에 의해서였다. 헌종 7년(1841)에 구봉(九峯) 계장(啓壯)스님에 의해 칠성각이 건립, 동 15년에 성혜(性慧)스님에 의해 적조암(寂照庵)이 창건. 철종 4년(1853)에 계장스님에 의해 극락보전이 중수되었고, 동 6년에 순기(舜麒)스님이 명부전을 건립하였으며 고종 22년(1885)에 대방을 중수했다. 1865년(고종 2)에는 흥천사라는 본명을 다시썼다. 1959년에 운파(雲坡), 일우(一雨) 두 스님이 칠성각을 재건하고, 이어서 1967년에 용화전과 1970년에 연화대를 새로 건립하여 오늘에 이르고있다.",N,,,흥천사,1
3080000,CDFD1001,19880727,,1,영업/정상,7,승인,,,,,993-3161,,,서울특별시 강북구 우이동 산 69 도선사 ,,,도선사,2021/11/04 15:24,U,2021/11/06 2:40,,198958.8998,461456.7483,10,99900,,"신라 경문왕 2년(862년) 도선국사가 창건하여 호국불교의 이념을 면면히 계승해 오면서 이조말 광무 8년(1904년)에 국가 기원 본찰로 지정받은 대사찰이며, 신라때부터 현재까지 한국불교의 변천사를 겪어온 유서깊은 사찰이다.",N,,,도선사,1
3080000,CDFD1008,20050624,,1,영업/정상,5,지정,,,,,902-7337,,,서울특별시 강북구 수유동 산 125번지 ,서울특별시 강북구 삼각산로 1 (수유동),142071,본원정사,2011/10/31 11:18,I,2018/08/31 23:59,,200385.2612,459448.7743,1,50,,"본원정사는 대한불교조계종 직할교구 본사 조계사의 말사로서 1923년 비구니 손덕선스님이 창건하였는데  삼각산 태고사라는 고려시대의 역사깊은 사원터 였다고 전해지고 있음.  특히, 사찰에 소장되어 있는 목조지장보살좌상은 서울시 유형문화재 제136호로 지정되어 있는데 전체적인 형태가 18세기 초기 불상의 특징을 가지고 있는 조선후기 목조각을 대표하는 작품으로 평가받고 있다..",N,,,본원정사,1
3080000,CDFD1007,20050219,,1,영업/정상,5,지정,,,,,998-4046,,,서울특별시 강북구 우이동 산 68-1 신검사 ,"서울특별시 강북구 삼양로179길 209-44, 신검사 (우이동)",1000,신검사,2020/10/21 14:44,U,2020/10/23 2:40,,199381.6532,462038.5143,3,200,,"삼각산 중턱에 자리잡은 법안사는 신라시대때 창건되었다고 구전으로 전해 내려오고 있다.  오래된 석축과 신라시대 여래상으로 추정되는 불두, 고려시대 나한상 등 경내에서 발견된 여러 유물로 미루어 라시대에서 고려초기에 창건된 사찰임을 알 수 있다.  입구에 돌로 쌓아 만든 석축이 있는데 돌의 모서리가 둥글둥글하게 되어 있어 오래된 석축임을 알 수 있다.",N,,,신검사,1
3190000,CDFD1001,20041207,,1,영업/정상,5,지정,,,,,825-1046,,,서울특별시 동작구 상도동 280번지 ,서울특별시 동작구 국사봉1길 235-14  (상도동),,사자암,2004/12/07 9:58,I,2018/08/31 23:59,,194356.899,443360.9456,0,0,,무학대사가 한양을 도읍지로정하고 지세를 안정시키기 위하여 관악산 호압사와 사자암을 세웠다 함.,N,,,사자암,1
3080000,CDFD1003,19880927,,1,영업/정상,5,지정,,,,,993-3808,,,서울특별시 강북구 우이동 76-24번지 ,서울특별시 강북구 삼양로145길 176 (우이동),142090,보광사,2018/11/14 15:22,U,2018/11/16 2:36,,200304.6595,461151.4801,6,5000,,"조선 정조 12년(1788년) 금강산에서 수도한 원담스님이 창건하여 신원사라 하였다. 6.25전쟁으로 많은 건물이 소실되었고, 일부 건물이 보존되어 1980년 11월 보광사로 개명되었다.",N,,,보광사,1
3080000,CDFD1004,19880927,,4,취소/말소/만료/정지/중지,6,취소,,,,,993-6443,,,서울특별시 강북구 수유동 산 127-1 백련사 ,"서울특별시 강북구 4.19로20길 142, 백련사 (수유동)",1012,백련사,2020/10/21 14:43,U,2020/10/23 2:40,,199664.7795,459434.3082,2,3000,,1931년 건립된 사찰로서 약수터로 잘 알려진 곳이다. 중병에 걸려 생사를 헤매던 사람이 현재의 대웅전 옆 약수를 마시고 회생하여 이곳에 절을 세웠다고 한다. 주변의 경치도 수려하거니와 휴식 및 체육시설이 갖추어져 있어 아침 산책코스로 널리 알려져 있다.,Y,20110825,대웅전 등 전통사찰 내 건물의 개축으로 문화적 가치 상실 등,백련사,1
3090000,CDFD1002,19880718,,1,영업/정상,5,지정,,,,,02-954-1474,,,서울특별시 도봉구 도봉동 549번지 ,,,천축사,2014/05/27 14:35,I,2018/08/31 23:59,,201631.488,465744.0527,,,,,,,,천축사,1
3090000,CDFD1001,20050128,,1,영업/정상,5,지정,,,,,955-3719,,,서울특별시 도봉구 도봉동 산 29-1번지 ,,,만월암,2011/10/30 14:40,I,2018/08/31 23:59,,,,2,3500,,"672년 義湘大師가 창건, 義湘臺와 天竺寺를 창건하기 전에 기거하던 곳으로 1784년 석불개금을 하였고 1938년 正觀 徐光前과 安普德씨가 증건하였다. 1941년 8월 退耕 權相老가 萬月庵記를 쓰고 善悟스님이 1999년5월19일 石佛坐像이 有形文化財 제121호로 지정될 수 있도록 하였고 2002년10월15일 慧空스님이 중수 하였다.",N,,,만월암,1
3090000,CDFD1003,19880718,,1,영업/정상,7,승인,,,,,02-954-1474,,,서울특별시 도봉구 도봉동 549 ,,,천축사,2020/07/28 17:27,U,2020/07/30 2:40,,201631.488,465744.0527,5,5000,,"천축사는 서울시 도봉구 만장봉 동쪽 기슭에 자리한 사찰로, 이 절을 천축사(天竺寺)라고 이른 것은 고려 때 인도승려 지공(指空)이 나옹화상(懶翁和尙)에게 이곳의 경관이 천축국의 영축산과 비슷하다고 한데서 유래되었다. 천축사의 연혁은 신라 673년(문무왕 13)에 의상대사가 의상대에서 수도할 때, 제자를 시켜 암자를 짓게 하고, 옥천암(玉泉庵)이라 한 것에서 출발하였으며, 그 뒤 고려 명종 때에 근처 영국사(寧國寺)의 부속암자로 맥을 이었다. 이후 조선시대인 1398년(태조 7)에 태조가 옛날 이 곳에서 백일기도하던 것을 상기하여 절을 중창하고 천축사라는 사액을 내렸다.근대에는 1911년에 화주 보허축전(寶虛竺典)이 관음ㆍ신중탱을 봉안하고, 1931년에 주지 김용태(金瑢泰)가 천축사로 오르는 길을 확장하였으며, 이후 수많은 신도들이 천축사 도량에 불사하여 1936년에 현재의 모습을 갖춘 가람이 조성되었다. 지금의 가람은 주지 용태스님 이후인 1959년에 중수된 것으로, 현재 주지 현공(玄公)스님이 주석하며, 2003년부터 2005년까지 대웅전을 비롯하여 독성각ㆍ산신각을 중수하고 요사채와 공양간을 신축하여 천축사 가람을 복원하였다.",N,,,천축사,1
3100000,CDFD1002,19880901,,1,영업/정상,5,지정,,,,,02-930-1700,,,서울특별시 노원구 상계동 1번지 ,서울특별시 노원구 덕릉로129가길 241 (상계동),139204,학림사,2013/07/07 10:45,I,2018/08/31 23:59,,206749.8575,464432.0986,2,5000,,671년 신라 31대 문무왕때 원효대사가 창건,N,,,학림사,1
3080000,CDFD1002,19880727,,1,영업/정상,7,승인,,,,,902-2663,,,서울특별시 강북구 수유동 487 화계사,,,화계사,2022/10/12 18:34,U,2021/10/30 23:04,,200576.1356,458917.0477,,,,,,,,,1
3100000,CDFD1001,1989-04-10,,1,영업/정상,7,승인,,,,,02-930-6611,,,서울특별시 노원구 중계동 산 3,,,학도암,2023/03/17 9:56,U,2022/12/02 23:09,,,,,,,,,,,,1
3190000,CDFD1002,19880728,,1,영업/정상,7,승인,,,,,814-5257,,,서울특별시 동작구 동작동 305번지 ,서울특별시 동작구 현충로 210  (동작동),,호국지장사,2013/07/16 18:19,I,2018/08/31 23:59,,196811.6665,444056.7687,5,0,,동작동 국립현충원내 위치한 이 절은 신라말 경문왕때 도선국사가 창건했다.  이후 고려말 공민왕때 보인대사가 중창하여 화장사로 개명했다가 호국영령의 명복을 기원하는  국가의 사찰이 되면서 호국지장사라 개칭했다,N,,,호국지장사,1
3110000,CDFD1002,19880728,,1,영업/정상,5,지정,,,,,359-8410,,,서울특별시 은평구 진관동 354번지 ,서울특별시 은평구 진관길 73  (진관동),,진관사,2010/07/13 15:59,I,2018/08/31 23:59,,195215.418,459532.5251,10,10000,,진관사는 고려시대 고찰로서 고려의 현종이 대량원군으로 있을 때 12세의 어린 나이로 궁중에서 쫓겨나 머리를 깍고 중의 행색으로 지내면서 삼각산 신혈사에 숨어 있다가 목종 12년(1009년)에 대신들의 몽영으로 왕위에 올랐는데 당시 현종이 숨어있던 신혈사가 곧 진관사였다고 한다. 당시 절의 주지 진관조사가 방에 굴을 파서 현종을 숨기고 침상을 그 굴위에 올려놓고 거처하면서 화를 면하게 하여 신혈사란 이름이 생겼으며 현종 즉위 후 진관조사의 은혜에 보답하고자 대가람을 짓고 절 이름을 진관사라 하였다 한다. 특히 조선시대에는 이 절에 수륙사를 설치하고 물속의 외로운 넋들과 아귀를 위해 법석을 베푸는 재를 올려 더욱 유명해졌다고 한다.,N,,,진관사,1
3110000,CDFD1004,20050112,,1,영업/정상,BBBB,,,,,,387-3216,,,서울특별시 은평구 진관동 산 25번지 ,,,용암사,2018/03/07 16:13,I,2018/08/31 23:59,,195849.3565,460414.2404,2,10000,,,,20180307,,용암사,1
3110000,CDFD1001,19880728,,1,영업/정상,5,지정,,,,,353-3004,,,서울특별시 은평구 진관동 산 34번지 ,서울특별시 은평구 진관길 36  (진관동),,삼천사,2010/07/13 16:54,I,2018/08/31 23:59,,195534.8886,459032.6108,5,2900,,삼천사는 통일신라시대(서기680년경) 원효대사에 의해 창건되었고 그 규모가 대단히 커서 3000여 대중이 모여 수도 정진하였다. 임진왜란으로 소실된 것을 진영화상이 중창하고 성운화상에 의해 거듭 중창 복원하였다 경내에 있는 천년고불 마애석불은 고려시대에 조성된 것으로 보물 제657호 문화재로 지정되어 있으며 세존 진신사리 석종탑과 나한사리 5층 석탑이 봉안되어 있어 법신제불이 상주방광하는 성지이며 기도도량으로 널리 알려져 있다.,N,,,삼천사,1
3110000,CDFD1003,19881019,,1,영업/정상,7,승인,,,,,356-2001,,,서울특별시 은평구 갈현동 314번지 ,,,수국사,2014/11/17 18:01,I,2018/08/31 23:59,,,,9,8000,,"갈현동 봉산자연공원에 위치한 수국사는 1459년에 창건된 조선왕조의 원찰로 잘 알려져 있다. 세조의 명에 의하여 창건되었으며 1900년 근대 한국불교의 고승이며 청년교육자였던 월초선사가 고종임금의 시주를 받아 중건하였다. 현재 수국사 경내에는 청기와를 올린 외9포, 내15포 108평 규모의 전통 목조법당이 그 웅장한 모습을 자랑하고 있다. 한국의 황금사원이라고 불리우는 수국사의 법당은 안팎에 모두 순금인 지금을 입혀서 아침저녁의 햇살이 비칠 때마다 눈부신 빛을 발하여 찾는 이를 감탄케 한다.",N,,,수국사,1
3110000,CDFD1005,20180104,,1,영업/정상,5,지정,,,,,359-1188,,,서울특별시 은평구 응암동 37-13번지 ,서울특별시 은평구 은평로20나길 5-23 (응암동),3472,심택사,2018/03/07 16:16,I,2018/08/31 23:59,,194042.6379,454998.6967,3,300,,"심택사의 창건은 한국전쟁 이후 대한민국의 재건과 함께 1959년 시작되었으니 지금으로부터 58년이 되었다. 이찬진공덕비(李燦鎭德碑)의 기록을 보면 1968년 목조기와 대웅전의 건립되었으며 동시에 기와 요사채도 건립되었다. 또한 대웅전 뒤 경사지에서 수파문의 조선후기 파편이 발견되고 있는 것으로 보아 적어도 정토사(현 백련사)의 산내 암자이거나, 동제 시설과 같은 인근 백성의 신앙적 안식처 역할을 했던 곳으로 추정된다. 이후 종각건립, 신요사채 건축, 범종 주조, 5층 석탑 건립, 미륵불 봉안, 사무동 건립이 이어졌다. 그와 함께 주변 마을도 점차 이루어져 갔으며 주택과 공동주택이 들어서면서 변화를 가져왔고 심택사도 자연히 변화를 겪게 되었다. 그러나 심택사는 전승에 전승을 거듭하면서 고집스럽게 도시 안에서 전통사찰로서의 면모를 잃지 않기 위해서 노력을 하여왔다. 또한 최근에는 서울시문화재(묘법연화경: 375호)와 국가보물(묘법연화경: 보물 1196-2호)을 지정받아 현재에 이르고 있다.",N,,,심택사,1
3120000,CDFD1003,20110908,,1,영업/정상,7,승인,,,,,392-3007,,,서울특별시 서대문구 봉원동 1 ,,,한국불교태고종 봉원사,2021/01/20 15:33,U,2021/01/22 2:40,,195053.4237,452390.0146,48,,,신라(新羅) 51대(代) 서기 889년 진성여왕 3년에 창건,N,,,한국불교태고종 봉원사,1
3120000,CDFD1002,20030605,,1,영업/정상,5,지정,,,,,02)395-4031,,,서울특별시 서대문구 홍은동 8번지 ,,,옥천암,2016/06/29 10:57,I,2018/08/31 23:59,,195863.348,454965.3172,5,1500,,,N,,,옥천암,1
3120000,CDFD1004,20110908,,1,영업/정상,5,지정,,,,,392-3007,,,서울특별시 서대문구 봉원동 1번지 ,,,한국불교태고종 봉원사,2011/09/09 8:52,I,2018/08/31 23:59,,195053.4237,452390.0146,48,,,,N,,,한국불교태고종 봉원사,1
3150000,CDFD1001,19880528,,1,영업/정상,7,승인,,,,,2662-2551,,,서울특별시 강서구 개화동 332-2번지 ,,,약사사,2016/06/16 9:39,I,2018/08/31 23:59,,182725.9544,453445.1986,4,13000,,신라시대에 주룡선생이 도를 닦던 터라는 전설이 있으며 1747년 이조 영조때 우의정 송인명이 절을 크게 중수하고 1990년에 현 건물에 중수 조선후기에 개화사를 약사사로 개칭,N,,,약사사,1
3150000,CDFD1003,19921019,,1,영업/정상,7,승인,,,,,(02)2651-4382,,,서울특별시 강서구 등촌동 산 23-4번지 ,,,법성사,2015/04/10 14:17,I,2018/08/31 23:59,,187185.307,449056.366,3,600,,1909년 조륵스님이 백석사 건립 1930년 벽초화상이 폐사된 것을 복원하여 백련암으로 개칭 1962년 현주지 이용현 스님이 법성사로 개칭,N,,,법성사,1
3200000,CDFD1001,19880720,,1,영업/정상,5,지정,,,,,582-8609,,,서울특별시 관악구 남현동 519-3번지 ,서울특별시 관악구 승방1길 109-80 (남현동),151801,관음사,2011/10/30 13:35,I,2018/08/31 23:59,,197850.7716,440601.3946,4,8000,,"신라 제56대 진성여왕 9년(895년)에 도선국사가 창건한 후 이조시대를 거쳐 1924년 석주스님이 중건하고 1974년에 진성당 종하사가 주지로 부임 재차 중건을 시작하여대웅전, 용왕각, 심시불의 비문석탑을 세워 1977년에 준공하여 지금의 절이 됨.",N,,,관음사,1
3200000,CDFD1004,20061214,,1,영업/정상,BBBB,,,,,,877-7180,,,서울특별시 관악구 신림동 198번지 ,서울특별시 관악구 신림로 15-250  (신림동),,성주암,2011/05/03 17:54,I,2018/08/31 23:59,,194861.0092,439494.4426,3,2000,,"성주암은 정확한 역사적 문헌이 없어 고증에 어려움은 있지만 구전에 의하면 신라시대 원효대사가 창건한 이래 각진국사, 서산대사, 처용대사 등의 고승들이 주석하셨던 고찰로서 과거 관악산내 삼막사, 망월암, 호압사ㅏ, 반월암, 연불암, 상불암, 안양사 등 관악산내 19암자로 현재까지 현존해 있는 사찰로서 사찰경내지에서 출토된 그릇파편과 명문기와 중 태정원년으로 표기된 다수의 기와로 보아 고려 충숙왕 2년을 전후해서 도량이 번성하였던 것으로 추정됨",,20110503,,성주암,1
3200000,CDFD1003,19880921,,1,영업/정상,7,승인,,,,,02-882-3839,,,서울특별시 관악구 신림동 194-1번지 ,,,자운암,2012/06/26 17:43,I,2018/08/31 23:59,,195880.0089,438509.9117,2,1500,,"조선 태조5년(1396년)에 무학대사가 창건하였고, 자운암은 600여년을 지나는 동안 여러번의 중수를 거쳐 오늘에 이르렀는데 남허스님이 남긴 자운암 기록에는 영조13년(1734년)에 다시 중수했다는 기록이 있으며 성종이 어머니를 위해 만든 위패가 아직까지 전해져오고 있다고 하며, 창건 당시에는 자운암(紫雲庵)이라고 한 것을 영종13년에 대효선사가 자운암(慈雲庵)이라 개명하였음. 현재의 자운암은 19876년 보륜 스님이 자운암에 들면서 대웅전, 칠성전, 산신각을 세우고 비로소 사찰다운 면모를 갖추게 됨.",N,,,자운암,1
3200000,CDFD1002,19880921,,1,영업/정상,7,승인,,,,,02-877-7514,,,서울특별시 관악구 신림동 318번지 ,,,약수사,2015/01/06 13:14,I,2018/08/31 23:59,,194135.0722,439681.4331,3,2000,,"조선 세종대왕 때 무영대사가 창건하여 기도의 도량이 되었으나 임진왜란 때 소실되었던 것을 1950년 김처사가 수행을 위하여 이곳에 샘솟는 약수를 마시고 힘을 얻어 초가삼간을 건립하여 약수암이라 칭하였으며, 최초의 창건은 신라시대 문무왕 10년(670년)이며 현재와 같은 절로서의 면모를 갖추게 된 것은 1974년 겨울 묘희 스님이 약수사에 들어서면서부터 현재와 같은 절의 면모를 갖춤",N,,,약수사,1
3210000,CDFD1001,20030415,,1,영업/정상,5,지정,,,,,583-1475,,,서울특별시 서초구 서초동 산 140 ,서울특별시 서초구 남부순환로328길 49 (서초동),137073,백제불교초전법륜성지우면산대성사,2022/01/03 16:27,U,2022/01/05 2:40,,201116.821,441569.1298,0,0,,백제 불교 초전 법륜성지,N,,,백제불교초전법륜성지우면산대성사,1
3220000,CDFD1001,19890414,,1,영업/정상,5,지정,,,,,3218-4800,,,서울특별시 강남구 삼성동 73번지 ,서울특별시 강남구 봉은사로 531 (삼성동),135870,봉은사,2016/01/16 17:32,I,2018/08/31 23:59,,204964.4385,445880.7375,0,0,,794년 신라 원성왕 10년 緣會國師가 창건(삼국사기),N,,,봉은사,1
6110000,3000000-001,20051227,,1,영업/정상,BBBB,,,,,,27634100,,,서울특별시 종로구 창신동 130 - 1 ,서울특별시 종로구 창신5길 61 (창신동),,안양암,2011/10/30 18:06,I,2018/08/31 23:59,,201109.7848,452572.625,3,2000,1889,,A,,,안양암,1
3080000,CDFD1006,19920923,,1,영업/정상,7,승인,,,,,988-1996,,,서울특별시 강북구 수유동 산 164-5,,,삼성암,2022/06/30 15:17,U,2021/12/07 0:02,,200201.0657,458701.4109,,,,,,,,,1
3170000,CDFD1001,19881219,,1,영업/정상,7,승인,,,,,803-4779,,,서울특별시 금천구 시흥동 234,,,대한불교조계종 호압사,2022/10/13 14:08,U,2021/10/30 23:05,,193341.9607,438934.8774,,,,,,,,,1
